{
    "title": "активности ссср",
    "caption": "Вечеринка в стиле СССР",
    "descr": "Яркое разудалое шоу с аниматорами, гипертрофировано эксплуатирующее пионерские символы (горны, галстуки и пр.) и образы советской агитации (графики, вымпелы «победителю соц.соревнования», доски почёта, на которых, кстати, могут быть сотрудники компании-заказчика или друзья юбиляра)",
    "linkText": "Оставить зявку",
    "link": "#feedback",
    "galleryCaption": "из каких активностей может состоять вечеринка",
    "cards": [
        {
            "imgSrc": "/img/corporate-ussr/activity-1.jpg",
            "text": "Фотозоны"
        },
        {
            "imgSrc": "/img/corporate-ussr/activity-2.jpg",
            "text": "Советские"
        },
        {
            "imgSrc": "/img/corporate-ussr/activity-3.jpg",
            "text": "Игровые автоматы"
        },

        {
            "imgSrc": "/img/corporate-ussr/activity-4.jpg",
            "text": "Советская танцплощадка"
        }
    ]
}
