{
    "caption": "Наш арсенал ретро-питания",
    "descr": "Кейтеринг тоже может быть атмосферным и запоминающимся не только по вкусу, но и по внешнему виду. Конечно, мы используем самые свежие и качественные продукты. Но \"извлекаться\" они будут из винтажных или стилизованных \"под ретро\" тележек с мороженным, алюминиевых бидонов или \"каструль\" с огромными крышками. Соки наливаются из знакомых с детства стеклянных конусов. А закуски могут быть разложены прямо на старой газете \"Правда\".",
    "linkText": "Оставить зявку",
    "link": "#feedback",
    "galleryCaption": "заголовок про питание",
    "cards": [
        {
            "imgSrc": "/img/corporate-ussr/eat-1.jpg",
            "text": "Буфет СССР"
        },
        {
            "imgSrc": "/img/corporate-ussr/eat-2.jpg",
            "text": "Киоски в Совестком стиле"
        },
        {
            "imgSrc": "/img/corporate-ussr/eat-3.jpg",
            "text": "Кулинарные станции"
        },

        {
            "imgSrc": "/img/corporate-ussr/eat-4.jpg",
            "text": "Советские аппараты"
        }
    ]
}
