{
    "caption": "Квест по совесткой эпохе",
    "descr": "В полный формат квеста входит 35 заданий. Заказчик может выбрать любые понравившиеся ему задания (минимум 10), чтобы гости проходили их поочерёдно или разбившись на две команды. Для воплощения нужны лишь поверхности (столы), на которых будут «разложены» предметы и игры, участвующие в квесте.",
    "linkText": "Оставить зявку",
    "link": "#feedback",
    "galleryCaption": "Игры, входящие в квест",
    "cards": [
        {
            "imgSrc": "/img/corporate-ussr/quest-1.jpg",
            "text": "Печатная машинка"
        },
        {
            "imgSrc": "/img/corporate-ussr/quest-2.jpg",
            "text": "Флажковая азбука"
        },
        {
            "imgSrc": "/img/corporate-ussr/quest-3.jpg",
            "text": "Настройка радиоволны"
        },

        {
            "imgSrc": "/img/corporate-ussr/quest-4.jpg",
            "text": "Удагай мелодию"
        }
    ]
}
