{
    "cards": [
        {
            "imgSrc": "/img/corporate-ussr/ussr-1.jpg",
            "text": "Квест советской эпохи"
        },
        {
            "imgSrc": "/img/corporate-ussr/ussr-2.jpg",
            "text": "Вечеринка в стиле СССР"
        },
        {
            "imgSrc": "/img/corporate-ussr/ussr-3.jpg",
            "text": "Советское питание"
        },
        {
            "imgSrc": "/img/corporate-ussr/ussr-1.jpg",
            "text": "Квест советской эпохи"
        },
        {
            "imgSrc": "/img/corporate-ussr/ussr-2.jpg",
            "text": "Вечеринка в стиле СССР"
        },
        {
            "imgSrc": "/img/corporate-ussr/ussr-3.jpg",
            "text": "Советское питание"
        }
    ],

    "slider": [
        "/img/corporate-ussr/slider-1.jpg",
        "/img/corporate-ussr/slider-2.jpg",
        "/img/corporate-ussr/slider-3.jpg"
    ]
}
