[
    {
        "id": 1,
        "imgSrc": "/img/news/news-1.jpg",
        "date": "12.01.2022",
        "title": "Название новости #1",
        "shortDescr": "текст новости/текст новости/текст новости/текст новости/текст новости/текст новости/текст новоститекст новости/текст новости",
        "fullDescr": "текст новости/текст новости/текст новости/текст новости/текст новости/текст новости/текст новоститекст новости/текст новоститекст новости/текст новости/текст новости/текст новости/текст новости/текст новости/текст новоститекст новости/текст новоститекст новости/текст новости/текст новости/текст новости/текст новости/текст новости/текст новоститекст новости/текст новоститекст новости/текст новости/текст новости/текст новости/текст новости/текст новости/текст новоститекст новости/текст новоститекст новости/текст новости/текст новости/текст новости/текст новости/текст новости/текст новоститекст новости/текст новоститекст новости/текст новости/текст новости/текст новости/текст новости/текст новости/текст новоститексттекст новости/текст новости/текст новости/текст новости/текст новости/текст новости/текст новоститекст новости/текст новоститекст новости/текст новости/текст новости/текст новости/текст новости/текст новости/текст новоститекст новости/текст новоститекст новости/текст новости/текст новости/текст новости/текст новости/текст новости/текст новоститекст новости/текст новостист новоститекст новости/текст новости/текст новости/текст новости/текст новости/текст новости/текст нов"
    },
    {
        "id": 2,
        "imgSrc": "/img/news/news-1.jpg",
        "date": "12.01.2022",
        "title": "Название новости #2",
        "shortDescr": "текст новости/текст новости/текст новости/текст новости/текст новости/текст новости/текст новоститекст новости/текст новости",
        "fullDescr": "текст новости/текст новости/текст новости/текст новости/текст новости/текст новости/текст новоститекст новости/текст новоститекст новости/текст новости/текст новости/текст новости/текст новости/текст новости/текст новоститекст новости/текст новоститекст новости/текст новости/текст новости/текст новости/текст новости/текст новости/текст новоститекст новости/текст новоститекст новости/текст новости/текст новости/текст новости/текст новости/текст новости/текст новоститекст новости/текст новоститекст новости/текст новости/текст новости/текст новости/текст новости/текст новости/текст новоститекст новости/текст новоститекст новости/текст новости/текст новости/текст новости/текст новости/текст новости/текст новоститексттекст новости/текст новости/текст новости/текст новости/текст новости/текст новости/текст новоститекст новости/текст новоститекст новости/текст новости/текст новости/текст новости/текст новости/текст новости/текст новоститекст новости/текст новоститекст новости/текст новости/текст новости/текст новости/текст новости/текст новости/текст новоститекст новости/текст новостист новоститекст новости/текст новости/текст новости/текст новости/текст новости/текст новости/текст нов"
    },
    {
        "id": 3,
        "imgSrc": "/img/news/news-1.jpg",
        "date": "12.01.2022",
        "title": "Название новости #3",
        "shortDescr": "текст новости/текст новости/текст новости/текст новости/текст новости/текст новости/текст новоститекст новости/текст новости",
        "fullDescr": "текст новости/текст новости/текст новости/текст новости/текст новости/текст новости/текст новоститекст новости/текст новоститекст новости/текст новости/текст новости/текст новости/текст новости/текст новости/текст новоститекст новости/текст новоститекст новости/текст новости/текст новости/текст новости/текст новости/текст новости/текст новоститекст новости/текст новоститекст новости/текст новости/текст новости/текст новости/текст новости/текст новости/текст новоститекст новости/текст новоститекст новости/текст новости/текст новости/текст новости/текст новости/текст новости/текст новоститекст новости/текст новоститекст новости/текст новости/текст новости/текст новости/текст новости/текст новости/текст новоститексттекст новости/текст новости/текст новости/текст новости/текст новости/текст новости/текст новоститекст новости/текст новоститекст новости/текст новости/текст новости/текст новости/текст новости/текст новости/текст новоститекст новости/текст новоститекст новости/текст новости/текст новости/текст новости/текст новости/текст новости/текст новоститекст новости/текст новостист новоститекст новости/текст новости/текст новости/текст новости/текст новости/текст новости/текст нов"
    },

    {
        "id": 4,
        "imgSrc": "/img/news/news-1.jpg",
        "date": "12.01.2022",
        "title": "Название новости #4",
        "shortDescr": "текст новости/текст новости/текст новости/текст новости/текст новости/текст новости/текст новоститекст новости/текст новости",
        "fullDescr": "текст новости/текст новости/текст новости/текст новости/текст новости/текст новости/текст новоститекст новости/текст новоститекст новости/текст новости/текст новости/текст новости/текст новости/текст новости/текст новоститекст новости/текст новоститекст новости/текст новости/текст новости/текст новости/текст новости/текст новости/текст новоститекст новости/текст новоститекст новости/текст новости/текст новости/текст новости/текст новости/текст новости/текст новоститекст новости/текст новоститекст новости/текст новости/текст новости/текст новости/текст новости/текст новости/текст новоститекст новости/текст новоститекст новости/текст новости/текст новости/текст новости/текст новости/текст новости/текст новоститексттекст новости/текст новости/текст новости/текст новости/текст новости/текст новости/текст новоститекст новости/текст новоститекст новости/текст новости/текст новости/текст новости/текст новости/текст новости/текст новоститекст новости/текст новоститекст новости/текст новости/текст новости/текст новости/текст новости/текст новости/текст новоститекст новости/текст новостист новоститекст новости/текст новости/текст новости/текст новости/текст новости/текст новости/текст нов"
    }
]
