{
    "linkText": "Оставить заявку",
    "descr": "Огромным плюсом нашей площадки является наличие уличной зоны. Хорошо озелененная, уютно закрытая от посторонних глаз с улицы, со вкусом «одетая» в керамическую плитку – она представляет собой великолепную площадку для развлечений под отрытым небом, а также легко трансформируется в зону для барбекю.",
    "room": "Уличная зона",
    "link": "#feedback",
    "info": [
        {
            "value": "400",
            "unit": "м2",
            "descr": "площадь двора"
        },
        {
            "value": "300",
            "unit": "человек",
            "descr": "вместимость уличной зоны"
        }
    ],
    "cards": [
        {
            "imgSrc": "/img/holiday-at-museum/outside-1.jpg"
        },
        {
            "imgSrc": "/img/holiday-at-museum/outside-2.jpg"
        },
        {
            "imgSrc": "/img/holiday-at-museum/outside-3.jpg"
        },
        {
            "imgSrc": "/img/holiday-at-museum/outside-1.jpg"
        },
        {
            "imgSrc": "/img/holiday-at-museum/outside-2.jpg"
        }
    ]
}
