{
    "title": "Посещение комнат при проведении праздника у нас",
    "cards": [
        {
            "imgSrc": "/img/museum-on-departure/rooms-1.jpg",
            "descr": "Советская библиотека"
        },
        {
            "imgSrc": "/img/museum-on-departure/rooms-2.jpg",
            "descr": "Музыкальный салон"
        },
        {
            "imgSrc": "/img/museum-on-departure/rooms-3.jpg",
            "descr": "Детская комната"
        }
    ]
}
