{
    "title": "Мир советского детства.\nКаким он был?",
    "descr": "Всё, что составляло счастье советского ребенка — это друзья, игры, игрушки, книги, герои…",
    "cards": [
        {
            "imgSrc": "/img/home/history-1.jpg",
            "descr": "Скакалка, классики и легендарная  «резиночка» были уделом не только девчонок. Мальчишки нашего двора тоже с удовольствием прыгали на одной ножке, поддавая кто носком, кто щечкой ботинка туго набитую песком коробочку от обувного крема или леденцов-монпансье."
        },
        {
            "imgSrc": "/img/home/history-2.jpg",
            "descr": "Дворовые посиделки на качельках-карусельках, а позже в беседках под непременную гитару. Это вам уже не песочница с куличиками для малышни! Интересно, что всю стаю как ветром сдувало, если кто-то вдруг бросал клич: «Айда в войнушку!»"
        },
        {
            "imgSrc": "/img/home/history-3.jpg",
            "descr": "У современных малышей тоже есть возможность покрасоваться-покататься в мини-машинках и иногда даже с электрическим приводом. Знай дави на педальку и крути руль. В этом они как бы повторяют действия своих мам и пап, у многих из которых подчас даже две машины на семью."
        }
    ]
}
