{
    "tags": [
        {
            "title": "Детская комната",
            "descr": "Здесь собраны игрушки, настольные игры, головоломки, книги-раскладушки, постеры и наглядные пособия для воспитания, развлечения, занятий и игр подрастающего поколения. Особой популярностью пользуется коллекция детских музыкальных инструментов и детского оружия (пистолеты, автоматы, мишени, сабли и т.п.). Здесь собраны игрушки, настольные игры, головоломки, книги-раскладушки, постеры и наглядные пособия для воспитания, развлечения, занятий и игр подрастающего поколения. Особой популярностью пользуется коллекция детских музыкальных инструментов и детского оружия (пистолеты, автоматы, мишени, сабли и т.п.).",
            "imgSrc": ["/img/home/memories.jpg", "/img/home/departure-2.jpg"]
        },
        {
            "title": "Музыкальный салон",
            "descr": "Здесь собраны игрушки, настольные игры, головоломки, книги-раскладушки, постеры и наглядные пособия для воспитания, развлечения, занятий и игр подрастающего поколения. Особой популярностью пользуется коллекция детских музыкальных инструментов и детского оружия (пистолеты, автоматы, мишени, сабли и т.п.).",
            "imgSrc": ["/img/home/memories.jpg", "/img/home/departure-2.jpg"]
        },
        {
            "title": "Уголок достижений",
            "descr": "Здесь собраны игрушки, настольные игры, головоломки, книги-раскладушки, постеры и наглядные пособия для воспитания, развлечения, занятий и игр подрастающего поколения. Особой популярностью пользуется коллекция детских музыкальных инструментов и детского оружия (пистолеты, автоматы, мишени, сабли и т.п.).",
            "imgSrc": ["/img/home/memories.jpg", "/img/home/departure-2.jpg"]
        },
        {
            "title": "Квартира образцового содержания",
            "descr": "Здесь собраны игрушки, настольные игры, головоломки, книги-раскладушки, постеры и наглядные пособия для воспитания, развлечения, занятий и игр подрастающего поколения. Особой популярностью пользуется коллекция детских музыкальных инструментов и детского оружия (пистолеты, автоматы, мишени, сабли и т.п.).",
            "imgSrc": ["/img/home/memories.jpg", "/img/home/departure-2.jpg"]
        },
        {
            "title": "Совесткая библиотека",
            "descr": "Здесь собраны игрушки, настольные игры, головоломки, книги-раскладушки, постеры и наглядные пособия для воспитания, развлечения, занятий и игр подрастающего поколения. Особой популярностью пользуется коллекция детских музыкальных инструментов и детского оружия (пистолеты, автоматы, мишени, сабли и т.п.).",
            "imgSrc": ["/img/home/memories.jpg", "/img/home/departure-2.jpg"]
        },
        {
            "title": "Музыкальный сало",
            "descr": "Здесь собраны игрушки, настольные игры, головоломки, книги-раскладушки, постеры и наглядные пособия для воспитания, развлечения, занятий и игр подрастающего поколения. Особой популярностью пользуется коллекция детских музыкальных инструментов и детского оружия (пистолеты, автоматы, мишени, сабли и т.п.).",
            "imgSrc": ["/img/home/memories.jpg", "/img/home/departure-2.jpg"]
        },
        {
            "title": "Уголок достижени",
            "descr": "Здесь собраны игрушки, настольные игры, головоломки, книги-раскладушки, постеры и наглядные пособия для воспитания, развлечения, занятий и игр подрастающего поколения. Особой популярностью пользуется коллекция детских музыкальных инструментов и детского оружия (пистолеты, автоматы, мишени, сабли и т.п.).",
            "imgSrc": ["/img/home/memories.jpg", "/img/home/departure-2.jpg"]
        },
        {
            "title": "Квартира образцового содержаня",
            "descr": "Здесь собраны игрушки, настольные игры, головоломки, книги-раскладушки, постеры и наглядные пособия для воспитания, развлечения, занятий и игр подрастающего поколения. Особой популярностью пользуется коллекция детских музыкальных инструментов и детского оружия (пистолеты, автоматы, мишени, сабли и т.п.).",
            "imgSrc": ["/img/home/memories.jpg", "/img/home/departure-2.jpg"]
        },
        {
            "title": "Совесткая библиотеа",
            "descr": "Здесь собраны игрушки, настольные игры, головоломки, книги-раскладушки, постеры и наглядные пособия для воспитания, развлечения, занятий и игр подрастающего поколения. Особой популярностью пользуется коллекция детских музыкальных инструментов и детского оружия (пистолеты, автоматы, мишени, сабли и т.п.).",
            "imgSrc": ["/img/home/memories.jpg", "/img/home/departure-2.jpg"]
        }
    ]
}
