{
    "title": "наша площадка для проведения мероприятий",
    "descr": "Мультиформатная площадка с собственной кухней и современным техническим оборудованием. Камеры, LED-экран, сцена со звуком и светом, собственная парковка",
    "linkText": "Оставить заявку",
    "link": "#feedback",
    "info": [
        { "value": "280", "unit": "м2", "descr": "площадь зала" },
        { "value": "500", "unit": "человек", "descr": "вместимость площадки" },
        { "value": "15", "unit": "м2", "descr": "LED - экран" },
        { "value": "16", "unit": "камер", "descr": "для онлайн-трансляций" }
    ],
    "cards": [
        {
            "imgSrc": "/img/home/space-1.jpg"
        },
        {
            "imgSrc": "/img/home/space-2.jpg"
        },
        {
            "imgSrc": "/img/home/space-3.jpg"
        },
        {
            "imgSrc": "/img/home/space-1.jpg"
        },
        {
            "imgSrc": "/img/home/space-2.jpg"
        },
        {
            "imgSrc": "/img/home/space-3.jpg"
        }
    ]
}
