{
    "title": "Дополним музей активностями",
    "caption": "Игровая зона",
    "descr": "В игровой зоне вы сможете не только проверить свою меткость, логику и эрудицию, но и совершить это в процессе небольшого путешествия во времени, используя всю атрибутику и атмосферу недавнего прошлого. Советские игровые автоматы (от «Морского боя» до «Ралли»), винтажные настольные игры, головоломки, знакомые с детства игрушки, с которыми можно сфотографироваться, совершая нехитрые манипуляции.",
    "linkText": "Оставить зявку",
    "link": "#feedback",
    "galleryCaption": "советские автоматы и игры",
    "cards": [
        {
            "imgSrc": "/img/museum-on-departure/activity-1.jpg",
            "text": "Аркады"
        },
        {
            "imgSrc": "/img/museum-on-departure/activity-2.jpg",
            "text": "Советские автоматы"
        },
        {
            "imgSrc": "/img/museum-on-departure/activity-3.jpg",
            "text": "Приставки"
        },

        {
            "imgSrc": "/img/museum-on-departure/activity-3.jpg",
            "text": "Приставки"
        }
    ]
}
