{
    "caption": "Фотозона",
    "descr": "Фотозоны могут быть тематическими (стена со старыми телевизорами или радиоприёмниками, конвертами виниловых пластинок, стеллажи с книгами, игрушками), интерьерными (фрагменты жилой обстановки советских квартир с использованием реальной винтажной мебели, предметов быта, искусства и дизайна), монотипическими (золотые пайетки, бамбуковые шторы, гобеленовые ковры и ситцевые занавески и т.п.)",
    "linkText": "Оставить зявку",
    "link": "#feedback",
    "galleryCaption": "Создаём абсолютно разные фотозоны",
    "cards": [
        {
            "imgSrc": "/img/museum-on-departure/photozone-1.jpg",
            "text": "Классическая советская"
        },
        {
            "imgSrc": "/img/museum-on-departure/photozone-2.jpg",
            "text": "80-х"
        },
        {
            "imgSrc": "/img/museum-on-departure/photozone-3.jpg",
            "text": "Приставки"
        },

        {
            "imgSrc": "/img/museum-on-departure/photozone-1.jpg",
            "text": "Классическая советская"
        }
    ]
}
