{
    "caption": "Welcome зона",
    "descr": "В зоне приёма гостей атмосферу создадут аниматоры, игровые аттракционы, а самое главное, что здесь не обойтись без характерных элементов советского общепита. Стилизованные и оригинальные тележки с «советским» мороженным, стеклянные конусы с соками, витрины с пирожками, хворостом и пирожными «шу» станут непременным подспорьем к разнообразному меню последующего фуршета или банкета.",
    "linkText": "Оставить зявку",
    "link": "#feedback",
    "galleryCaption": "Welcome зона может быть разной",
    "cards": [
        {
            "imgSrc": "/img/museum-on-departure/welcome-zone-1.jpg",
            "text": "Советские автоматы "
        },
        {
            "imgSrc": "/img/museum-on-departure/welcome-zone-2.jpg",
            "text": "Киоски с мороженым"
        },
        {
            "imgSrc": "/img/museum-on-departure/welcome-zone-3.jpg",
            "text": "Небольшой буфет"
        },

        {
            "imgSrc": "/img/museum-on-departure/welcome-zone-4.jpg",
            "text": "Лимонадная станция"
        }
    ]
}
